Email,Password,ExpectedRes
aschieferstein2@boston.com,123456789,Warning: No match for E-Mail Address and/or Password.
aschieferstein1@boston.com,12345678,Warning: No match for E-Mail Address and/or Password.
marlott0@squidoo.com,124567890,Warning: No match for E-Mail Address and/or Password.
aschieferstein2@boston.com,123,Warning: No match for E-Mail Address and/or Password.
aschieferstein2@boston.com,aaaaaaaaaaaaaaaaaaaaaa,Warning: No match for E-Mail Address and/or Password.
testuser#example.com,12345678,Warning: No match for E-Mail Address and/or Password.
aaaaaaaaaaaaaaaaaaaaaaaaaaaaaaaaaaaaaaaaaaaaaaaaaaaaaaaaaaaaaaaaaaaaaaaaaaaaaaaaaaaaaaaaaaaaaaaaaaaaaaaaaaaaaaaaaaaaaaaaaaaaaaaaaaaaaaaaaaaaaaaaaaaaaaaaaaaaaaaaaaaaaaaaaaaaaaaaaaaaaaaa@example.com,1.23E+19,Warning: No match for E-Mail Address and/or Password.
user@@example.com,12345678,Warning: No match for E-Mail Address and/or Password.
user@.com,12345678,Warning: No match for E-Mail Address and/or Password.
user@localhost,12345678,Warning: No match for E-Mail Address and/or Password.